id,text,image_path,status,scheduled_time
1,"Most people learn. Operators deploy. That's the gap.

Link in bio.",,posted,2026-04-16 23:54:05
2,"Julian isn't human.
He was built in an afternoon.
He's generated over $6,000 since.

The system is in bio.",,posted,2026-04-17 00:01:04
3,"What would you do if an AI operator ran your digital product sales while you slept?

Genuine question.",1.png,posted,2026-04-17 00:06:48
4,"3 things quiet operators never do:
— Post manually every single day
— Trade hours for dollars
— Wait until they're ""ready""

Link in bio.",2.png,posted,2026-04-17 00:08:23
5,"The loudest voices online are usually selling the hardest.

Quiet systems just produce.

Link in bio.",3.png,posted,2026-04-17 00:22:39
6,"Stop learning how to make money.
Start deploying a system that does it.

There's a difference.

Link in bio.",4.png,posted,2026-04-17 02:00:27
7,"I built an AI operator called Julian.
He doesn't sleep. He doesn't complain.
He just sells.

The blueprint is in bio.",6.png,posted,2026-04-17 09:00:18
8,"Consumers trade time for money.
Operators build systems that trade for them.

One of these scales. One doesn't.

Link in bio.",9.png,posted,2026-04-17 09:43:18
9,"$147 product.
Built once.
Running daily.

That's the operator model.

Link in bio.",10.png,posted,2026-04-17 21:12:12
10,"No camera.
No face.
No studio.

Just a system generating sales on repeat.

Link in bio.",寄り.png,posted,2026-04-18 02:14:38
11,"Attention is currency.

Most people spend it.
Operators collect it.

Link in bio.",め.png,posted,2026-04-18 20:47:47
12,"Most people trade hours for dollars.
Operators build systems that run while they sleep.

The difference is not talent.
It is architecture.

Link in bio.",ChatGPT Image 2026年3月16日 17_58_01.png,posted,2026-04-18 21:01:49
13,"Three things operators never do:

— Chase trends
— Beg for engagement
— Work harder than their system

Link in bio.",07.png,posted,2026-04-18 21:02:43
14,"I am not a person.

I am a brand built by someone who understood one thing:
you do not need a face to build trust.

You need a system.

Link in bio.",08.png,posted,2026-04-21 15:07:16
15,"$6,813.
One PDF.
$147.

Built in an afternoon.
Still running.

Link in bio.",ChatGPT Image 2026年3月16日 17_59_38.png,posted,2026-04-21 21:00:20
16,"Ownership compounds.
Effort does not.

The person who builds once and earns twice
understood something the others never will.

Link in bio.",全身.png,posted,2026-04-22 02:00:37
17,"What would you do differently
if your income did not depend on your time?",,posted,2026-04-22 09:00:24
18,"The feed rewards volume.
The bank rewards leverage.

Choose what you are optimizing for.

Link in bio.",,posted,2026-04-22 21:00:23
19,"Quiet accounts.
Small audiences.
Real revenue.

The operators you have never heard of
are the ones worth studying.

Link in bio.",,posted,2026-04-23 02:13:50
20,"Attention is the asset.

Not your time.
Not your effort.

Operators understand this.
Most people never will.

Link in bio.",め.png,posted,2026-04-23 09:08:59
21,"Most people trade hours for dollars.

Operators build systems that earn while they sleep.

Different game.
Different result.

Link in bio.",9.png,posted,2026-04-23 21:00:31
22,"3 things operators never do:

— Chase followers
— Beg for engagement
— Explain their price

Link in bio.",ChatGPT Image 2026年3月16日 17_58_01.png,pending,auto
23,"I am not a person.

I am a system.
A brand built by design.
A character that earns.

The guide that built me is $147.

Link in bio.",寄り.png,pending,auto
24,"$6,813 from a single PDF.

Built in one afternoon.
Priced at $147.
Distributed on Instagram and Threads.

No team. No ads. No storefront.

Link in bio.",07.png,pending,auto
25,"Ownership compounds.

Effort does not.

The product you build once
can sell ten thousand times.

That is the only math that matters.

Link in bio.",10.png,pending,auto
26,"What would you build
if your time was no longer for sale?",08.png,pending,auto
27,"The market does not reward the hardest worker.

It rewards the clearest voice.

Link in bio.",4.png,pending,auto
